{
  "data": {
    "Amount": [81.77, -60, 44.11, 1.02, 90.8, 3.12, 1.73, 3.14, 25.75, 35.25],     "Has Chip": [1, 0, 0, 1, 1, 1, 1, 0, 1, 1],
    "Gender": [0, 0, 0, 1, 1, 0, 1, 0, 0, 0],
    "Online Transaction": [0, 0, 0, 0, 0, 0, 0, 0, 0, 0],
    "Amex": [0, 0, 0, 0, 0, 0, 0, 0, 0, 0],
    "Discover": [0, 0, 0, 0, 0, 0, 0, 1, 0, 0],
    "Mastercard": [1, 1, 0, 0, 1, 0, 0, 0, 1, 0],
    "Visa": [0, 0, 1, 1, 0, 1, 1, 0, 0, 1],
    "Credit": [0, 0, 1, 0, 1, 0, 1, 1, 1, 1],
    "Debit": [1, 1, 0, 1, 0, 0, 0, 0, 0, 0],
    "Debit (Prepaid)": [0, 0, 0, 0, 0, 1, 0, 0, 0, 0],
    "MCC_mean_encoding": [0, 0.0000344261730718474, 0.0002948982601002, 0.0002776442949436, 0.0037494486104984, 0.0002776413301155, 0.0001020824826459, 0.0002776383653507, 0, 0.0053407247160627],
    "card_present_transaction": [1, 1, 1, 1, 1, 1, 1, 1, 1, 1],
    "fraud_rolling_mean_30_days": [0, 0, 0, 0, 0, 0, 0, 0, 0, 0],
    "fraud_rolling_mean_60_days": [0, 0, 0, 0, 0, 0, 0, 0, 0, 0],
    "fraud_rolling_mean_365_days": [0.0014967499144714, 0.0014967499144714, 0.0014967499144714, 0.0014968139246461, 0.0014968779402959, 0.0014968779402959, 0.0014968566011376, 0.0014968352625876, 0.0014968139246461, 0.0014967925873129],
    "fraud_rolling_mean_2_years": [0.0021425969703678, 0.002142612272883, 0.002142612272883, 0.0021425969703678, 0.0021425969703678, 0.0021425969703678, 0.0021425816680712, 0.0021425663659931, 0.0021425663659931, 0.0021425663659931],
    "fraud_online_rolling_mean_30_days": [0, 0, 0, 0, 0, 0, 0, 0, 0, 0],
    "fraud_online_rolling_mean_60_days": [0, 0, 0, 0, 0, 0, 0, 0, 0, 0],
    "fraud_online_rolling_mean_365_days": [0.0012544189759379, 0.0012544189759379, 0.0012544189759379, 0.0012544726225605, 0.0012545262737718, 0.0012545262737718, 0.0012545083895248, 0.0012544905057877, 0.0012544726225605, 0.0012544547398431],
    "fraud_online_rolling_mean_2_years": [0.0018212074248127, 0.0018212204319506, 0.0018212204319506, 0.0018212074248127, 0.0018212074248127, 0.0018212074248127, 0.0018211944178605, 0.0018211814110942, 0.0018211814110942, 0.0018211814110942],
    "fraud_card_present_rolling_mean_30_days": [0, 0, 0, 0, 0, 0, 0, 0, 0, 0],
    "fraud_card_present_rolling_mean_61_days": [0, 0, 0, 0, 0, 0, 0, 0, 0, 0],
    "fraud_card_present_rolling_mean_365_days": [0.0002423309385334, 0.0002423309385334, 0.0002423309385334, 0.0002423413020855, 0.0002423516665241, 0.0002423516665241, 0.0002423482116127, 0.0002423447567999, 0.0002423413020855, 0.0002423378474697],
    "fraud_card_present_rolling_mean_2_years": [0.0003213895455551, 0.0003213918409324, 0.0003213918409324, 0.0003213895455551, 0.0003213895455551, 0.0003213895455551, 0.0003213872502106, 0.0003213849548989, 0.0003213849548989, 0.0003213849548989],
    "fraud_rolling_30_days_relative_to_365_days": [0, 0, 0, 0, 0, 0, 0, 0, 0, 0],
    "fraud_rolling_30_days_relative_to_2_years": [0, 0, 0, 0, 0, 0, 0, 0, 0, 0],
    "fraud_rolling_60_days_relative_to_365_days": [0, 0, 0, 0, 0, 0, 0, 0, 0, 0],
    "fraud_rolling_60_days_relative_to_2_years": [0, 0, 0, 0, 0, 0, 0, 0, 0, 0],
    "fraud_online_rolling_30_days_relative_to_365_days": [0, 0, 0, 0, 0, 0, 0, 0, 0, 0],
    "fraud_online_rolling_30_days_relative_to_2_years": [0, 0, 0, 0, 0, 0, 0, 0, 0, 0],
    "fraud_online_rolling_60_days_relative_to_365_days": [0, 0, 0, 0, 0, 0, 0, 0, 0, 0],
    "fraud_online_rolling_60_days_relative_to_2_years": [0, 0, 0, 0, 0, 0, 0, 0, 0, 0],
    "fraud_card_present_rolling_30_days_relative_to_365_days": [0, 0, 0, 0, 0, 0, 0, 0, 0, 0],
    "fraud_card_present_rolling_30_days_relative_to_2_years": [0, 0, 0, 0, 0, 0, 0, 0, 0, 0],
    "fraud_card_present_rolling_60_days_relative_to_365_days": [0, 0, 0, 0, 0, 0, 0, 0, 0, 0],
    "fraud_card_present_rolling_60_days_relative_to_2_years": [0, 0, 0, 0, 0, 0, 0, 0, 0, 0],
    "fraud_online_rolling_30_days_relative_to_all_frauds": [0, 0, 0, 0, 0, 0, 0, 0, 0, 0],
    "fraud_card_present_rolling_30_days_relative_to_all_frauds": [0, 0, 0, 0, 0, 0, 0, 0, 0, 0],
    "fraud_online_rolling_60_days_relative_to_all_frauds": [0, 0, 0, 0, 0, 0, 0, 0, 0, 0],
    "fraud_card_present_rolling_60_days_relative_to_all_frauds": [0, 0, 0, 0, 0, 0, 0, 0, 0, 0],
    "fraud_online_rolling_365_days_relative_to_all_frauds": [0.838095238095238, 0.838095238095238, 0.838095238095238, 0.838095238095238, 0.838095238095238, 0.838095238095238, 0.838095238095238, 0.838095238095238, 0.838095238095238, 0.838095238095238],
    "fraud_card_present_rolling_365_days_relative_to_all_frauds": [0.161904761904762, 0.161904761904762, 0.161904761904762, 0.161904761904762, 0.161904761904762, 0.161904761904762, 0.161904761904762, 0.161904761904762, 0.161904761904762, 0.161904761904762],
    "fraud_online_rolling_2_years_relative_to_all_frauds": [0.85, 0.85, 0.85, 0.85, 0.85, 0.85, 0.85, 0.85, 0.85, 0.85],
    "fraud_card_present_rolling_2_years_relative_to_all_frauds": [0.15, 0.15, 0.15, 0.15, 0.15, 0.15, 0.15, 0.15, 0.15, 0.15],
    "hour_sin": [0.707106781186548, 0.707106781186548, 0.707106781186548, 0.707106781186548, 0.707106781186548, 0.707106781186548, 0.707106781186548, 0.707106781186548, 0.707106781186548, 0.707106781186548],
    "hour_cos": [-0.707106781186547, -0.707106781186547, -0.707106781186547, -0.707106781186547, -0.707106781186547, -0.707106781186547, -0.707106781186547, -0.707106781186547, -0.707106781186547, -0.707106781186547],
    "month_sin": [0.866025403784439, 0.866025403784439, 0.866025403784439, 0.866025403784439, 0.866025403784439, 0.866025403784439, 0.866025403784439, 0.866025403784439, 0.866025403784439, 0.866025403784439],
    "month_cos": [-0.5, -0.5, -0.5, -0.5, -0.5, -0.5, -0.5, -0.5, -0.5, -0.5],
    "day_of_week_sin": [-0.433883739117558, -0.433883739117558, -0.433883739117558, -0.433883739117558, -0.433883739117558, -0.433883739117558, -0.433883739117558, -0.433883739117558, -0.433883739117558, -0.433883739117558],
    "day_of_week_cos": [-0.900968867902419, -0.900968867902419, -0.900968867902419, -0.900968867902419, -0.900968867902419, -0.900968867902419, -0.900968867902419, -0.900968867902419, -0.900968867902419, -0.900968867902419],
    "is_holiday": [0, 0, 0, 0, 0, 0, 0, 0, 0, 0],
    "weekend": [0, 0, 0, 0, 0, 0, 0, 0, 0, 0],
    "is_2015_or_later": [1, 1, 1, 1, 1, 1, 1, 1, 1, 1],
    "mean_amount": [46.1014179104478, 68.2786131386861, 45.39086, 45.4977121212121, 31.5588914549654, 54.7903623670213, 23.5472863247863, 26.8399358974359, 58.0330701754386, 30.7218918918919],
    "mean_amount_last_year": [51.2629310344828, 91.070625, 38.5626666666667, 38.7764814814815, 16.7475641025641, 53.9591935483871, 18.1894117647059, 26.699, 44.5667647058824, 28.03],
    "mean_amount_last_30_days": [78.5916666666667, 2.8, 43.22, 17.59, 45.3088888888889, 53.3363636363636, 0, 75.962, 26.6533333333333, 25.6966666666667],
    "mean_amount_last_7_days": [20.54, 0, 66, 56.31, 15.2, 42.51, 0, 28.375, 0, 8.28],
    "mean_amount_last_2_days": [19.2, 0, 0, 0, 0, 0, 0, 0, 0, 8.28],
    "mean_amount_last_1_days": [19.2, 0, 0, 0, 0, 0, 0, 0, 0, 8.28],
    "mean_amount_last_7_days_relative_to_last_year": [0.400679391238544, 0, 1.71149989627273, 1.45216888816723, 0.907594675077126, 0.787817556277593, 0, 1.06277388666242, 0, 0.295397788084195],
    "mean_amount_last_2_days_relative_to_last_year": [0.374539645169427, 0, 0, 0, 0, 0, 0, 0, 0, 0.295397788084195],
    "mean_amount_last_1_days_relative_to_last_year": [0.374539645169427, 0, 0, 0, 0, 0, 0, 0, 0, 0.295397788084195],
    "mean_amount_last_7_days_relative_to_last_30_days": [0.26135086417135, 0, 1.5270708005553, 3.20125071063104, 0.335475011035362, 0.79701721493097, 0, 0.373542034174982, 0, 0.322220780905435],
    "mean_amount_last_2_days_relative_to_last_30_days": [0.244300710423073, 0, 0, 0, 0, 0, 0, 0, 0, 0.322220780905435],
    "mean_amount_last_1_days_relative_to_last_30_days": [0.244300710423073, 0, 0, 0, 0, 0, 0, 0, 0, 0.322220780905435],